url,species_name,common_name,family
https://identify.plantnet.org/species/weurope/Abelia%20x%20grandiflora%20(Rovelli%20ex%20Andr%C3%A9)%20Rehder,Abelia x grandiflora (Rovelli ex André) Rehder,Glossy abelia,Caprifoliaceae
https://identify.plantnet.org/species/weurope/Abelia%20x%20grandiflora%20(Rovelli%20ex%20Andr%C3%A9)%20Rehder,Abelia x grandiflora (Rovelli ex André) Rehder,Glossy abelia,Caprifoliaceae
https://identify.plantnet.org/species/weurope/Abelia%20x%20grandiflora%20(Rovelli%20ex%20Andr%C3%A9)%20Rehder,Abelia x grandiflora (Rovelli ex André) Rehder,Glossy abelia,Caprifoliaceae
https://identify.plantnet.org/species/weurope/Abelia%20x%20grandiflora%20(Rovelli%20ex%20Andr%C3%A9)%20Rehder,Abelia x grandiflora (Rovelli ex André) Rehder,Glossy abelia,Caprifoliaceae
https://identify.plantnet.org/species/weurope/Abelia%20x%20grandiflora%20(Rovelli%20ex%20Andr%C3%A9)%20Rehder,Abelia x grandiflora (Rovelli ex André) Rehder,Glossy abelia,Caprifoliaceae
https://identify.plantnet.org/species/weurope/Abelia%20x%20grandiflora%20(Rovelli%20ex%20Andr%C3%A9)%20Rehder,Abelia x grandiflora (Rovelli ex André) Rehder,Glossy abelia,Caprifoliaceae
https://identify.plantnet.org/species/weurope/Abelia%20x%20grandiflora%20(Rovelli%20ex%20Andr%C3%A9)%20Rehder,Abelia x grandiflora (Rovelli ex André) Rehder,Glossy abelia,Caprifoliaceae
https://identify.plantnet.org/species/weurope/Abelia%20x%20grandiflora%20(Rovelli%20ex%20Andr%C3%A9)%20Rehder,Abelia x grandiflora (Rovelli ex André) Rehder,Glossy abelia,Caprifoliaceae
https://identify.plantnet.org/species/weurope/Abelia%20x%20grandiflora%20(Rovelli%20ex%20Andr%C3%A9)%20Rehder,Abelia x grandiflora (Rovelli ex André) Rehder,Glossy abelia,Caprifoliaceae
https://identify.plantnet.org/species/weurope/Abelia%20x%20grandiflora%20(Rovelli%20ex%20Andr%C3%A9)%20Rehder,Abelia x grandiflora (Rovelli ex André) Rehder,Glossy abelia,Caprifoliaceae
https://identify.plantnet.org/species/weurope/Abelia%20x%20grandiflora%20(Rovelli%20ex%20Andr%C3%A9)%20Rehder,Abelia x grandiflora (Rovelli ex André) Rehder,Glossy abelia,Caprifoliaceae
https://identify.plantnet.org/species/weurope/Abelia%20x%20grandiflora%20(Rovelli%20ex%20Andr%C3%A9)%20Rehder,Abelia x grandiflora (Rovelli ex André) Rehder,Glossy abelia,Caprifoliaceae
https://identify.plantnet.org/species/weurope/Abelia%20x%20grandiflora%20(Rovelli%20ex%20Andr%C3%A9)%20Rehder,Abelia x grandiflora (Rovelli ex André) Rehder,Glossy abelia,Caprifoliaceae
https://identify.plantnet.org/species/weurope/Abelia%20x%20grandiflora%20(Rovelli%20ex%20Andr%C3%A9)%20Rehder,Abelia x grandiflora (Rovelli ex André) Rehder,Glossy abelia,Caprifoliaceae
https://identify.plantnet.org/species/weurope/Abelia%20x%20grandiflora%20(Rovelli%20ex%20Andr%C3%A9)%20Rehder,Abelia x grandiflora (Rovelli ex André) Rehder,Glossy abelia,Caprifoliaceae
https://identify.plantnet.org/species/weurope/Abelia%20x%20grandiflora%20(Rovelli%20ex%20Andr%C3%A9)%20Rehder,Abelia x grandiflora (Rovelli ex André) Rehder,Glossy abelia,Caprifoliaceae
https://identify.plantnet.org/species/weurope/Abelia%20x%20grandiflora%20(Rovelli%20ex%20Andr%C3%A9)%20Rehder,Abelia x grandiflora (Rovelli ex André) Rehder,Glossy abelia,Caprifoliaceae
https://identify.plantnet.org/species/weurope/Abelia%20x%20grandiflora%20(Rovelli%20ex%20Andr%C3%A9)%20Rehder,Abelia x grandiflora (Rovelli ex André) Rehder,Glossy abelia,Caprifoliaceae
https://identify.plantnet.org/species/weurope/Abelia%20x%20grandiflora%20(Rovelli%20ex%20Andr%C3%A9)%20Rehder,Abelia x grandiflora (Rovelli ex André) Rehder,Glossy abelia,Caprifoliaceae
https://identify.plantnet.org/species/weurope/Abelia%20x%20grandiflora%20(Rovelli%20ex%20Andr%C3%A9)%20Rehder,Abelia x grandiflora (Rovelli ex André) Rehder,Glossy abelia,Caprifoliaceae
